Carimbo_de_data_hora,Temperatura,Umidade_do_Ar,Umidade_do_Solo,Minutos_Decorridos,ID_Ciclo,Minutos_Decorridos_No_Ciclo
2025-06-18 01:10:01,22.0,83.6,86.1,0.0,0,0.0
2025-06-18 01:40:02,22.0,83.7,87.0,30.02,0,30.02
2025-06-18 02:10:02,20.6,89.9,88.4,60.02,0,60.02
2025-06-18 02:40:03,20.3,90.8,87.8,90.03,0,90.03
2025-06-18 03:10:04,20.3,90.4,88.4,120.05,0,120.05
2025-06-18 03:40:05,20.3,88.8,88.3,150.07,0,150.07
2025-06-18 04:10:06,20.1,90.2,88.7,180.08,0,180.08
2025-06-18 04:40:06,19.9,90.6,88.1,210.08,0,210.08
2025-06-18 05:10:33,19.8,91.3,89.2,240.53,0,240.53
2025-06-18 05:40:28,19.7,91.0,89.2,270.45,0,270.45
2025-06-18 06:10:28,19.5,91.6,89.0,300.45,0,300.45
2025-06-18 06:40:29,19.3,93.3,89.0,330.47,0,330.47
2025-06-18 07:10:30,19.3,94.0,90.0,360.48,0,360.48
2025-06-18 07:40:31,19.3,93.7,89.5,390.5,0,390.5
2025-06-18 08:10:32,19.7,92.9,89.5,420.52,0,420.52
2025-06-18 08:40:40,20.1,91.5,88.7,450.65,0,450.65
2025-06-18 09:10:40,20.6,90.1,89.0,480.65,0,480.65
2025-06-18 09:40:41,21.0,88.3,89.2,510.67,0,510.67
2025-06-18 10:10:42,21.4,87.3,88.6,540.68,0,540.68
2025-06-18 10:40:43,22.1,81.9,88.1,570.7,0,570.7
2025-06-18 11:10:43,23.0,75.9,89.6,600.7,0,600.7
2025-06-18 11:40:44,23.8,69.8,89.2,630.72,0,630.72
2025-06-18 12:10:45,24.2,67.4,89.7,660.73,0,660.73
2025-06-18 13:11:04,25.5,61.8,89.4,721.05,0,721.05
2025-06-18 13:41:05,26.1,55.3,87.6,751.07,0,751.07
2025-06-18 14:11:06,26.3,59.4,87.5,781.08,0,781.08
2025-06-18 14:41:07,26.7,57.9,86.7,811.1,0,811.1
2025-06-18 15:11:08,26.7,64.0,86.1,841.12,0,841.12
2025-06-18 15:41:08,26.5,61.4,86.1,871.12,0,871.12
2025-06-18 16:11:09,26.6,62.4,88.2,901.13,0,901.13
2025-06-18 16:41:10,26.1,63.6,88.3,931.15,0,931.15
2025-06-18 17:11:11,25.9,65.3,89.4,961.17,0,961.17
2025-06-18 17:41:12,25.5,67.2,93.5,991.18,0,991.18
2025-06-18 18:11:13,25.2,67.8,93.9,1021.2,0,1021.2
2025-06-18 23:44:20,22.8,78.3,100.0,1354.32,0,1354.32
2025-06-19 00:14:20,22.7,77.4,95.4,1384.32,0,1384.32
2025-06-19 00:44:21,22.5,77.9,93.8,1414.33,0,1414.33
2025-06-19 01:14:22,22.5,77.0,93.9,1444.35,0,1444.35
2025-06-19 01:44:23,22.5,75.1,94.9,1474.37,0,1474.37
2025-06-19 02:14:24,22.4,76.8,93.8,1504.38,0,1504.38
2025-06-19 02:44:24,22.2,78.2,93.0,1534.38,0,1534.38
2025-06-19 03:14:25,21.9,79.1,91.9,1564.4,0,1564.4
2025-06-19 03:44:26,21.8,79.6,91.5,1594.42,0,1594.42
2025-06-19 04:14:27,21.8,79.5,91.5,1624.43,0,1624.43
2025-06-19 04:44:28,21.5,81.3,93.6,1654.45,0,1654.45
2025-06-19 05:14:28,21.3,82.7,93.6,1684.45,0,1684.45
2025-06-19 05:44:29,21.1,83.6,93.0,1714.47,0,1714.47
2025-06-19 06:14:30,21.1,84.2,93.2,1744.48,0,1744.48
2025-06-19 06:44:34,20.9,88.6,93.6,1774.55,0,1774.55
2025-06-19 07:14:35,20.8,90.0,91.0,1804.57,0,1804.57
2025-06-19 07:44:36,21.1,90.3,91.3,1834.58,0,1834.58
2025-06-19 08:14:37,21.5,89.4,91.1,1864.6,0,1864.6
2025-06-19 08:44:48,22.0,86.9,91.3,1894.78,0,1894.78
2025-06-19 09:14:49,22.5,81.9,91.1,1924.8,0,1924.8
2025-06-19 09:44:50,22.9,83.3,94.7,1954.82,0,1954.82
2025-06-19 10:14:51,23.2,83.5,90.9,1984.83,0,1984.83
2025-06-19 10:44:51,23.7,80.7,90.1,2014.83,0,2014.83
2025-06-19 11:14:52,24.8,69.1,93.0,2044.85,0,2044.85
2025-06-19 11:44:53,25.4,67.5,94.4,2074.87,0,2074.87
2025-06-19 12:15:07,25.7,67.7,94.9,2105.1,0,2105.1
2025-06-19 12:45:07,26.2,63.6,95.9,2135.1,0,2135.1
2025-06-19 13:15:08,26.4,64.5,95.6,2165.12,0,2165.12
2025-06-19 13:45:09,26.8,62.8,97.9,2195.13,0,2195.13
2025-06-19 14:10:33,27.0,64.3,85.5,2220.53,0,2220.53
2025-06-19 14:40:33,27.1,63.7,84.1,2250.53,0,2250.53
2025-06-19 15:10:34,27.3,63.5,84.2,2280.55,0,2280.55
2025-06-19 15:40:35,27.4,62.3,83.4,2310.57,0,2310.57
2025-06-19 16:10:36,27.4,61.6,83.2,2340.58,0,2340.58
2025-06-19 16:40:37,27.3,60.2,83.2,2370.6,0,2370.6
2025-06-19 17:10:37,27.2,65.5,83.2,2400.6,0,2400.6
2025-06-19 17:40:38,26.2,72.8,83.1,2430.62,0,2430.62
2025-06-19 18:10:39,25.5,73.1,83.0,2460.63,0,2460.63
2025-06-19 18:40:40,25.2,73.1,83.8,2490.65,0,2490.65
2025-06-19 19:10:41,25.0,71.7,82.6,2520.67,0,2520.67
2025-06-19 19:40:42,24.9,71.2,83.2,2550.68,0,2550.68
2025-06-19 20:10:42,24.7,72.7,82.6,2580.68,0,2580.68
2025-06-19 20:40:43,24.4,75.4,83.1,2610.7,0,2610.7
2025-06-19 21:10:44,24.2,74.8,83.3,2640.72,0,2640.72
2025-06-19 21:40:45,24.0,77.0,83.5,2670.73,0,2670.73
2025-06-19 22:10:46,23.8,77.6,83.2,2700.75,0,2700.75
2025-06-19 22:40:46,23.5,81.6,83.1,2730.75,0,2730.75
2025-06-19 23:10:47,23.2,85.5,83.1,2760.77,0,2760.77
2025-06-19 23:40:48,23.0,83.9,83.4,2790.78,0,2790.78
2025-06-20 00:10:49,22.7,84.0,84.0,2820.8,0,2820.8
2025-06-20 00:40:49,22.5,84.8,84.2,2850.8,0,2850.8
2025-06-20 01:10:50,22.4,86.3,83.7,2880.82,0,2880.82
2025-06-20 01:40:51,22.2,87.0,84.0,2910.83,0,2910.83
2025-06-20 02:10:52,22.2,86.1,83.6,2940.85,0,2940.85
2025-06-20 02:40:53,22.1,86.7,84.2,2970.87,0,2970.87
2025-06-20 03:10:53,22.0,88.2,83.2,3000.87,0,3000.87
2025-06-20 03:40:54,21.8,87.7,82.7,3030.88,0,3030.88
2025-06-20 04:10:55,21.4,87.2,82.1,3060.9,0,3060.9
2025-06-20 04:40:56,21.2,87.9,83.6,3090.92,0,3090.92
2025-06-20 05:10:57,21.1,88.4,83.3,3120.93,0,3120.93
2025-06-20 05:40:57,21.0,88.0,83.2,3150.93,0,3150.93
2025-06-20 06:10:58,20.9,86.9,81.9,3180.95,0,3180.95
2025-06-20 06:40:59,20.7,85.9,81.5,3210.97,0,3210.97
2025-06-20 07:11:00,20.6,87.8,81.7,3240.98,0,3240.98
2025-06-20 07:41:00,20.8,87.3,82.0,3270.98,0,3270.98
2025-06-20 08:11:01,21.1,86.1,82.3,3301.0,0,3301.0
2025-06-20 08:41:02,21.4,84.5,80.8,3331.02,0,3331.02
2025-06-20 09:11:04,21.9,85.6,80.8,3361.05,0,3361.05
2025-06-20 09:41:05,22.4,85.1,80.3,3391.07,0,3391.07
2025-06-20 10:11:05,22.9,83.6,80.4,3421.07,0,3421.07
2025-06-20 10:41:06,23.3,80.6,80.0,3451.08,0,3451.08
2025-06-20 11:11:07,23.9,73.0,81.0,3481.1,0,3481.1
2025-06-20 11:41:08,24.4,70.0,79.9,3511.12,0,3511.12
2025-06-20 12:11:09,24.8,66.7,79.2,3541.13,0,3541.13
2025-06-20 12:41:10,25.3,65.9,79.4,3571.15,0,3571.15
2025-06-20 13:11:11,25.8,63.0,78.4,3601.17,0,3601.17
2025-06-20 13:41:13,26.3,61.3,77.8,3631.2,0,3631.2
2025-06-20 14:11:14,26.5,60.3,78.0,3661.22,0,3661.22
2025-06-20 14:41:14,26.7,55.8,77.8,3691.22,0,3691.22
2025-06-20 15:11:15,27.2,49.9,77.1,3721.23,0,3721.23
2025-06-20 15:41:16,27.6,47.5,77.5,3751.25,0,3751.25
2025-06-20 16:11:17,27.5,48.3,75.5,3781.27,0,3781.27
2025-06-20 16:41:18,27.3,51.7,74.6,3811.28,0,3811.28
2025-06-20 17:11:19,27.1,52.4,76.4,3841.3,0,3841.3
2025-06-20 17:41:19,26.6,54.2,76.5,3871.3,0,3871.3
2025-06-20 18:11:20,26.2,54.5,76.8,3901.32,0,3901.32
2025-06-20 18:41:21,25.6,60.4,75.1,3931.33,0,3931.33
2025-06-20 19:11:22,25.3,67.8,75.1,3961.35,0,3961.35
2025-06-20 19:41:23,25.0,72.7,75.1,3991.37,0,3991.37
2025-06-20 20:11:23,24.8,68.4,74.3,4021.37,0,4021.37
2025-06-20 20:41:24,24.5,68.6,73.7,4051.38,0,4051.38
2025-06-20 21:11:25,24.3,69.0,74.1,4081.4,0,4081.4
2025-06-20 21:41:26,24.1,71.4,73.2,4111.42,0,4111.42
2025-06-20 22:11:27,24.0,70.9,71.4,4141.43,0,4141.43
2025-06-20 22:41:28,23.9,66.7,73.2,4171.45,0,4171.45
2025-06-20 23:11:28,23.9,66.8,72.6,4201.45,0,4201.45
2025-06-20 23:41:29,23.8,67.2,73.5,4231.47,0,4231.47
2025-06-21 00:11:30,23.5,68.8,72.5,4261.48,0,4261.48
2025-06-21 00:41:30,23.2,70.2,71.2,4291.48,0,4291.48
2025-06-21 01:11:31,23.0,67.3,70.5,4321.5,0,4321.5
2025-06-21 01:41:32,22.9,70.4,72.6,4351.52,0,4351.52
2025-06-21 02:11:33,22.6,75.4,71.5,4381.53,0,4381.53
2025-06-21 02:41:34,22.4,74.5,69.9,4411.55,0,4411.55
2025-06-21 03:11:34,22.5,71.7,67.4,4441.55,0,4441.55
2025-06-21 03:41:35,22.3,74.4,66.9,4471.57,0,4471.57
2025-06-21 04:11:36,22.2,74.8,67.4,4501.58,0,4501.58
2025-06-21 04:41:37,22.1,74.5,66.8,4531.6,0,4531.6
2025-06-21 05:11:38,21.8,79.6,66.8,4561.62,0,4561.62
2025-06-21 05:41:38,21.6,80.3,66.7,4591.62,0,4591.62
2025-06-21 06:11:39,21.7,78.2,66.9,4621.63,0,4621.63
2025-06-21 06:41:40,21.6,77.4,66.6,4651.65,0,4651.65
2025-06-21 07:11:41,21.5,82.3,66.8,4681.67,0,4681.67
2025-06-21 07:41:41,21.5,82.8,66.6,4711.67,0,4711.67
2025-06-21 08:11:42,21.9,86.9,66.4,4741.68,0,4741.68
2025-06-21 08:41:43,22.3,86.1,66.7,4771.7,0,4771.7
2025-06-21 09:11:44,22.9,84.4,67.3,4801.72,0,4801.72
2025-06-21 09:41:45,23.3,78.5,67.1,4831.73,0,4831.73
2025-06-21 10:11:45,23.8,77.4,67.9,4861.73,0,4861.73
2025-06-21 10:41:46,24.5,75.0,68.0,4891.75,0,4891.75
2025-06-21 11:11:47,25.2,65.8,68.7,4921.77,0,4921.77
2025-06-21 11:41:48,26.5,55.1,68.8,4951.78,0,4951.78
2025-06-21 12:11:49,27.2,52.3,58.1,4981.8,0,4981.8
2025-06-21 12:41:51,28.5,49.1,50.3,5011.83,0,5011.83
2025-06-21 13:11:52,28.5,51.5,56.2,5041.85,0,5041.85
2025-06-21 13:41:52,27.6,66.2,100.0,5071.85,1,0.0
2025-06-21 14:11:53,27.5,66.6,91.9,5101.87,1,30.02
2025-06-21 14:41:54,26.7,65.4,87.8,5131.88,1,60.03
2025-06-21 15:11:55,26.7,62.3,85.2,5161.9,1,90.05
2025-06-21 15:41:56,26.3,60.8,82.1,5191.92,1,120.07
2025-06-21 16:11:57,26.1,62.4,80.7,5221.93,1,150.08
2025-06-21 16:41:57,25.8,64.3,80.3,5251.93,1,180.08
2025-06-21 17:11:58,25.5,62.4,78.7,5281.95,1,210.1
2025-06-21 18:12:24,25.0,61.1,77.8,5342.38,1,270.53
2025-06-21 18:42:25,24.8,63.6,77.8,5372.4,1,300.55
2025-06-21 19:12:26,24.5,63.8,77.6,5402.42,1,330.57
2025-06-21 19:42:27,24.5,64.4,77.7,5432.43,1,360.58
2025-06-21 20:12:28,24.5,65.3,78.5,5462.45,1,390.6
2025-06-21 20:42:28,24.5,65.0,74.8,5492.45,1,420.6
2025-06-21 21:12:40,24.4,65.4,73.1,5522.65,1,450.8
2025-06-21 21:42:39,24.2,65.9,73.5,5552.63,1,480.78
2025-06-21 22:12:40,24.2,66.8,73.4,5582.65,1,510.8
2025-06-21 22:42:41,24.2,67.1,72.8,5612.67,1,540.82
2025-06-21 23:12:41,24.0,68.9,72.6,5642.67,1,570.82
2025-06-21 23:42:42,23.8,73.1,72.8,5672.68,1,600.83
2025-06-22 00:12:43,23.7,79.0,72.6,5702.7,1,630.85
2025-06-22 00:42:44,23.5,79.1,72.7,5732.72,1,660.87
2025-06-22 01:12:45,23.4,80.5,72.7,5762.73,1,690.88
2025-06-22 01:42:46,23.3,80.3,72.6,5792.75,1,720.9
2025-06-22 02:12:46,23.0,82.4,72.6,5822.75,1,750.9
2025-06-22 03:13:13,23.0,82.8,72.2,5883.2,1,811.35
2025-06-22 03:43:13,22.8,82.9,72.2,5913.2,1,841.35
2025-06-22 04:13:14,22.7,83.7,72.5,5943.22,1,871.37
2025-06-22 04:43:15,22.6,83.7,71.8,5973.23,1,901.38
2025-06-22 05:13:16,22.3,85.0,69.3,6003.25,1,931.4
2025-06-22 05:43:17,22.4,84.1,72.2,6033.27,1,961.42
2025-06-22 06:13:18,22.3,84.0,71.7,6063.28,1,991.43
2025-06-22 06:43:19,22.1,85.6,71.7,6093.3,1,1021.45
2025-06-22 07:13:19,22.1,84.6,71.5,6123.3,1,1051.45
2025-06-22 07:43:20,22.1,85.1,71.5,6153.32,1,1081.47
2025-06-22 08:13:21,22.2,83.9,71.9,6183.33,1,1111.48
2025-06-22 08:43:22,22.5,82.8,71.2,6213.35,1,1141.5
2025-06-22 09:13:22,22.8,81.9,71.7,6243.35,1,1171.5
2025-06-22 09:43:23,23.0,81.9,70.7,6273.37,1,1201.52
2025-06-22 10:13:24,23.3,80.2,69.6,6303.38,1,1231.53
2025-06-22 10:43:25,23.6,79.6,70.7,6333.4,1,1261.55
2025-06-22 11:13:26,23.8,79.9,70.6,6363.42,1,1291.57
2025-06-22 11:43:26,24.0,78.3,69.8,6393.42,1,1321.57
2025-06-22 12:13:27,24.4,74.1,69.9,6423.43,1,1351.58
2025-06-22 12:43:28,25.0,73.1,69.1,6453.45,1,1381.6
2025-06-22 13:13:29,25.2,72.1,68.8,6483.47,1,1411.62
2025-06-22 13:43:29,25.3,75.9,68.7,6513.47,1,1441.62
2025-06-22 14:13:30,24.6,81.0,68.7,6543.48,1,1471.63
2025-06-22 14:43:31,24.2,79.5,64.8,6573.5,1,1501.65
2025-06-22 15:13:32,24.3,78.6,67.3,6603.52,1,1531.67
2025-06-22 15:43:36,24.3,80.3,67.1,6633.58,1,1561.73
2025-06-22 16:13:36,24.0,80.8,55.6,6663.58,1,1591.73
2025-06-22 16:43:37,23.9,79.6,66.5,6693.6,1,1621.75
2025-06-22 17:13:38,23.8,78.9,66.1,6723.62,1,1651.77
2025-06-22 17:43:39,23.5,79.3,66.3,6753.63,1,1681.78
2025-06-22 18:13:40,23.4,79.2,65.9,6783.65,1,1711.8
2025-06-22 18:43:40,23.4,76.8,65.6,6813.65,1,1741.8
2025-06-22 19:13:41,23.5,76.1,65.5,6843.67,1,1771.82
2025-06-22 19:43:42,23.5,80.4,65.4,6873.68,1,1801.83
2025-06-22 20:13:43,23.4,79.5,65.1,6903.7,1,1831.85
2025-06-22 20:43:44,23.4,81.5,65.7,6933.72,1,1861.87
2025-06-22 21:13:45,23.3,82.9,64.6,6963.73,1,1891.88
2025-06-22 21:43:45,23.3,83.5,64.9,6993.73,1,1921.88
2025-06-22 22:13:46,23.1,87.0,64.0,7023.75,1,1951.9
2025-06-22 22:43:51,23.0,87.1,64.2,7053.83,1,1981.98
2025-06-22 23:13:54,22.9,88.2,64.4,7083.88,1,2012.03
2025-06-22 23:43:52,22.8,87.7,63.7,7113.85,1,2042.0
2025-06-23 00:13:54,22.7,88.1,64.2,7143.88,1,2072.03
2025-06-23 00:43:54,22.6,88.1,64.0,7173.88,1,2102.03
2025-06-23 01:13:55,22.4,88.0,64.4,7203.9,1,2132.05
2025-06-23 01:43:56,22.4,87.9,64.0,7233.92,1,2162.07
2025-06-23 02:13:57,22.4,88.6,63.3,7263.93,1,2192.08
2025-06-23 02:44:01,22.2,90.0,64.5,7294.0,1,2222.15
2025-06-23 03:14:02,22.1,90.0,63.3,7324.02,1,2252.17
2025-06-23 03:44:03,22.1,89.8,63.7,7354.03,1,2282.18
2025-06-23 04:14:04,22.0,89.7,63.7,7384.05,1,2312.2
2025-06-23 04:44:04,22.0,89.1,62.6,7414.05,1,2342.2
2025-06-23 05:14:05,21.9,89.0,62.7,7444.07,1,2372.22
2025-06-23 05:44:06,21.9,88.5,62.5,7474.08,1,2402.23
2025-06-23 06:14:07,21.8,89.8,63.1,7504.1,1,2432.25
2025-06-23 06:44:07,21.9,86.7,62.0,7534.1,1,2462.25
2025-06-23 07:14:08,22.1,86.5,62.0,7564.12,1,2492.27
2025-06-23 07:44:09,22.3,85.1,62.0,7594.13,1,2522.28
2025-06-23 08:14:10,22.8,82.6,60.5,7624.15,1,2552.3
2025-06-23 08:44:11,23.4,78.3,60.3,7654.17,1,2582.32
2025-06-23 09:14:12,23.8,78.3,60.4,7684.18,1,2612.33
2025-06-23 09:44:13,24.1,74.1,60.4,7714.2,1,2642.35
2025-06-23 10:14:15,24.6,74.1,59.7,7744.23,1,2672.38
2025-06-23 10:44:15,25.0,73.6,45.9,7774.23,1,2702.38
2025-06-23 11:14:16,25.9,64.6,56.4,7804.25,1,2732.4
2025-06-23 11:44:17,27.0,62.4,70.0,7834.27,2,0.0
2025-06-23 12:14:18,26.9,63.0,75.5,7864.28,2,30.01
2025-06-23 12:44:19,27.9,58.0,77.0,7894.3,2,60.03
2025-06-23 13:14:19,28.4,57.0,75.4,7924.3,2,90.03
2025-06-23 13:44:20,28.7,55.3,74.3,7954.32,2,120.05
2025-06-23 14:14:21,29.0,56.7,71.9,7984.33,2,150.06
2025-06-23 14:44:22,29.2,56.0,69.8,8014.35,2,180.08
2025-06-23 15:14:22,29.5,52.1,66.8,8044.35,2,210.08
2025-06-23 15:27:08,29.3,54.6,60.4,8057.12,2,222.85
2025-06-23 15:57:10,29.3,54.8,66.7,8087.15,2,252.88
2025-06-23 16:27:10,26.4,62.8,68.4,8117.15,2,282.88
2025-06-23 16:57:10,26.2,67.0,66.2,8147.15,2,312.88
2025-06-23 17:27:15,26.2,69.0,66.7,8177.23,2,342.96
2025-06-23 17:57:16,26.2,69.0,68.3,8207.25,2,372.98
2025-06-23 18:27:16,26.2,67.9,64.9,8237.25,2,402.98
2025-06-23 18:57:17,26.2,72.0,66.2,8267.27,2,433.0
2025-06-23 19:27:18,26.1,68.8,66.0,8297.28,2,463.01
2025-06-23 19:57:19,26.2,65.0,65.4,8327.3,2,493.03
2025-06-23 20:27:19,26.3,64.0,65.0,8357.3,2,523.03
2025-06-23 20:57:20,26.2,64.0,64.6,8387.32,2,553.05
2025-06-23 21:27:21,26.2,65.8,64.0,8417.33,2,583.06
2025-06-23 21:57:22,26.2,69.0,64.7,8447.35,2,613.08
2025-06-23 22:27:23,26.1,72.2,64.5,8477.37,2,643.1
2025-06-23 22:57:23,26.1,73.6,64.2,8507.37,2,673.1
2025-06-23 23:27:24,26.0,72.0,64.2,8537.38,2,703.11
2025-06-23 23:57:25,26.0,70.9,63.6,8567.4,2,733.13
2025-06-24 00:27:26,26.0,70.3,63.0,8597.42,2,763.15
2025-06-24 00:57:27,26.1,70.8,63.9,8627.43,2,793.16
2025-06-24 01:27:27,26.1,72.0,64.9,8657.43,2,823.16
2025-06-24 01:57:28,26.1,72.8,65.5,8687.45,2,853.18
2025-06-24 02:27:29,26.1,73.0,65.9,8717.47,2,883.2
2025-06-24 02:57:30,26.0,72.9,65.6,8747.48,2,913.21
2025-06-24 03:27:31,26.0,72.2,65.7,8777.5,2,943.23
2025-06-24 03:57:31,26.0,72.8,65.0,8807.5,2,973.23
2025-06-24 04:27:32,25.9,71.6,65.8,8837.52,2,1003.25
2025-06-24 04:57:33,25.9,71.9,65.5,8867.53,2,1033.26
2025-06-24 05:27:34,25.9,71.0,65.0,8897.55,2,1063.28
2025-06-24 05:57:34,25.9,72.2,65.1,8927.55,2,1093.28
2025-06-24 06:27:35,25.8,73.9,63.3,8957.57,2,1123.3
2025-06-24 06:57:36,25.7,74.1,62.0,8987.58,2,1153.31
2025-06-24 07:27:37,25.8,74.2,60.0,9017.6,2,1183.33
2025-06-24 07:57:38,25.7,74.2,60.9,9047.62,2,1213.35
2025-06-24 08:27:38,25.6,74.0,62.0,9077.62,2,1243.35
2025-06-24 08:57:39,25.4,72.8,62.0,9107.63,2,1273.36
2025-06-27 13:09:37,25.7,71.1,60.0,13679.6,2,5845.33
2025-06-27 13:39:38,25.8,70.5,57.3,13709.62,2,5875.35
2025-06-27 14:09:38,24.7,75.5,57.4,13739.62,2,5905.35
2025-06-27 14:39:39,24.7,74.9,57.1,13769.63,2,5935.36
2025-06-27 15:09:40,24.8,73.9,57.1,13799.65,2,5965.38
2025-06-27 15:39:40,24.4,74.3,57.0,13829.65,2,5995.38
2025-06-27 16:09:41,24.4,74.7,56.9,13859.67,2,6025.4
2025-06-27 16:39:42,24.4,73.1,57.1,13889.68,2,6055.41
2025-06-27 18:34:42,25.0,78.6,65.6,14004.68,2,6170.41
2025-06-27 18:43:55,24.6,78.4,51.1,14013.9,2,6179.63
2025-06-27 18:44:13,24.5,78.0,50.2,14014.2,2,6179.93
2025-06-27 18:44:34,24.5,78.1,49.8,14014.55,2,6180.28
2025-06-27 19:14:35,24.5,78.1,55.1,14044.57,2,6210.3
2025-06-27 19:44:36,23.8,83.5,94.4,14074.58,3,0.0
2025-06-27 20:14:37,23.6,85.5,94.6,14104.6,3,30.02
2025-06-27 20:44:41,23.3,86.2,94.2,14134.67,3,60.09
2025-06-27 21:14:41,23.2,86.5,94.8,14164.67,3,90.09
2025-06-27 21:44:42,23.2,87.0,95.0,14194.68,3,120.1
2025-06-27 22:14:49,23.3,88.7,95.0,14224.8,3,150.22
2025-06-27 22:44:46,23.3,87.8,95.7,14254.75,3,180.17
2025-06-27 23:14:47,23.3,87.1,97.1,14284.77,3,210.19
2025-06-27 23:44:48,23.2,86.9,97.5,14314.78,3,240.2
2025-06-28 00:14:49,23.2,87.0,84.5,14344.8,3,270.22
2025-06-28 00:44:49,23.1,87.4,97.9,14374.8,3,300.22
2025-06-28 01:14:50,23.0,88.0,97.9,14404.82,3,330.24
2025-06-28 01:44:51,22.9,88.9,97.8,14434.83,3,360.25
2025-06-28 02:14:52,22.7,89.7,97.6,14464.85,3,390.27
2025-06-28 02:44:53,22.9,90.2,96.8,14494.87,3,420.29
2025-06-28 03:14:54,22.8,89.8,97.4,14524.88,3,450.3
2025-06-28 03:44:54,22.9,89.9,96.9,14554.88,3,480.3
2025-06-28 04:14:55,22.9,90.1,96.9,14584.9,3,510.32
2025-06-28 04:44:59,22.8,90.4,96.9,14614.97,3,540.39
2025-06-28 05:15:00,22.8,90.5,96.8,14644.98,3,570.4
2025-06-28 05:45:01,22.8,90.0,97.3,14675.0,3,600.42
2025-06-28 06:15:02,22.8,90.0,98.5,14705.02,3,630.44
2025-06-28 06:45:03,22.8,89.9,98.1,14735.03,3,660.45
2025-06-28 07:15:03,22.7,90.9,97.6,14765.03,3,690.45
2025-06-28 07:45:04,22.8,91.2,98.3,14795.05,3,720.47
2025-06-28 08:15:05,23.0,91.0,97.1,14825.07,3,750.49
2025-06-28 08:45:06,23.1,90.4,96.4,14855.08,3,780.5
2025-06-28 09:15:07,23.4,89.2,96.9,14885.1,3,810.52
2025-06-28 09:45:08,23.7,88.3,97.6,14915.12,3,840.54
2025-06-28 10:15:09,23.8,87.7,97.0,14945.13,3,870.55
2025-06-28 10:45:10,24.0,86.0,95.9,14975.15,3,900.57
2025-06-28 11:15:15,24.2,84.5,96.5,15005.23,3,930.65
2025-06-28 11:45:16,24.6,82.1,95.2,15035.25,3,960.67
2025-06-28 12:15:16,25.0,79.3,96.8,15065.25,3,990.67
2025-06-28 12:45:17,25.4,77.4,94.2,15095.27,3,1020.69
2025-06-28 13:15:18,25.6,78.3,94.2,15125.28,3,1050.7
2025-06-28 13:45:19,25.5,79.2,94.2,15155.3,3,1080.72
2025-06-28 14:15:20,25.5,80.0,94.9,15185.32,3,1110.74
2025-06-28 14:45:20,25.5,80.6,92.3,15215.32,3,1140.74
2025-06-28 15:15:21,25.2,83.2,93.5,15245.33,3,1170.75
2025-06-28 15:45:22,25.2,83.7,90.0,15275.35,3,1200.77
2025-06-28 16:15:23,25.1,84.1,88.6,15305.37,3,1230.79
2025-06-28 16:45:24,24.8,86.1,88.3,15335.38,3,1260.8
2025-06-28 17:15:25,24.6,87.4,87.9,15365.4,3,1290.82
2025-06-28 17:45:26,24.4,88.4,88.1,15395.42,3,1320.84
2025-06-28 18:15:26,24.3,88.1,87.8,15425.42,3,1350.84
2025-06-28 18:45:27,24.5,83.7,89.0,15455.43,3,1380.85
2025-06-28 19:15:28,24.6,83.4,91.8,15485.45,3,1410.87
2025-06-28 19:45:29,24.3,83.7,89.2,15515.47,3,1440.89
2025-06-28 20:15:30,24.1,83.3,89.6,15545.48,3,1470.9
2025-06-28 20:45:30,23.9,83.9,89.8,15575.48,3,1500.9
2025-06-28 21:15:31,23.7,85.7,89.2,15605.5,3,1530.92
2025-06-28 21:45:32,23.5,86.2,89.0,15635.52,3,1560.94
2025-06-28 22:15:33,23.5,86.4,89.0,15665.53,3,1590.95
2025-06-28 22:45:34,23.3,86.6,88.5,15695.55,3,1620.97
2025-06-28 23:15:34,23.2,86.9,90.4,15725.55,3,1650.97
2025-06-28 23:45:35,23.1,87.1,88.4,15755.57,3,1680.99
2025-06-29 00:15:36,23.0,87.6,88.3,15785.58,3,1711.0
2025-06-29 00:45:37,22.9,88.1,88.5,15815.6,3,1741.02
2025-06-29 01:15:37,22.8,88.4,89.7,15845.6,3,1771.02
2025-06-29 01:45:38,22.7,88.6,87.9,15875.62,3,1801.04
2025-06-29 02:15:39,22.6,89.1,88.4,15905.63,3,1831.05
2025-06-29 02:45:39,22.5,89.3,88.6,15935.63,3,1861.05
2025-06-29 03:15:40,22.4,89.8,89.9,15965.65,3,1891.07
2025-06-29 03:45:41,22.3,89.5,88.0,15995.67,3,1921.09
2025-06-29 04:15:42,22.1,88.6,88.0,16025.68,3,1951.1
2025-06-29 04:45:42,22.1,87.5,87.0,16055.68,3,1981.1
2025-06-29 05:15:43,22.0,87.8,88.4,16085.7,3,2011.12
2025-06-29 05:45:44,21.8,88.8,87.5,16115.72,3,2041.14
2025-06-29 06:15:45,21.8,89.0,87.2,16145.73,3,2071.15
2025-06-29 06:45:45,21.9,86.5,86.9,16175.73,3,2101.15
2025-06-29 07:15:46,22.0,84.6,86.3,16205.75,3,2131.17
2025-06-29 07:45:47,22.5,79.9,94.7,16235.77,3,2161.19
2025-06-29 08:15:48,23.2,75.1,87.1,16265.78,3,2191.2
2025-06-29 08:45:49,23.2,78.6,87.5,16295.8,3,2221.22
2025-06-29 09:15:49,23.8,72.7,85.7,16325.8,3,2251.22
2025-06-29 09:45:50,24.2,71.1,84.9,16355.82,3,2281.24
2025-06-29 10:15:51,24.7,69.4,85.5,16385.83,3,2311.25
2025-06-29 10:45:52,25.0,69.9,83.2,16415.85,3,2341.27
2025-06-29 11:15:52,25.7,64.5,82.7,16445.85,3,2371.27
2025-06-29 11:45:53,26.1,62.1,84.0,16475.87,3,2401.29
2025-06-29 12:15:54,27.0,55.5,82.8,16505.88,3,2431.3
2025-06-29 12:45:55,27.6,53.8,79.4,16535.9,3,2461.32
2025-06-29 13:15:58,27.6,53.8,79.0,16565.95,3,2491.37
2025-06-29 13:45:59,27.7,54.7,77.4,16595.97,3,2521.39
2025-06-29 14:16:00,28.2,53.2,77.7,16625.98,3,2551.4
2025-06-29 14:46:01,28.4,53.2,74.5,16656.0,3,2581.42
2025-06-29 15:16:01,27.8,56.4,76.8,16686.0,3,2611.42
2025-06-29 15:46:02,28.4,52.0,75.4,16716.02,3,2641.44
2025-06-29 16:16:03,27.9,56.2,75.7,16746.03,3,2671.45
2025-06-29 16:46:04,27.9,58.1,75.4,16776.05,3,2701.47
2025-06-29 17:16:05,27.4,60.2,74.8,16806.07,3,2731.49
2025-06-29 17:46:06,27.1,60.1,74.5,16836.08,3,2761.5
2025-06-29 18:16:06,26.5,60.7,73.8,16866.08,3,2791.5
2025-06-29 18:46:07,26.5,59.5,73.7,16896.1,3,2821.52
2025-06-29 19:16:08,26.3,59.1,73.5,16926.12,3,2851.54
2025-06-29 19:46:10,26.0,63.4,73.4,16956.15,3,2881.57
2025-06-29 20:16:10,25.7,68.0,72.6,16986.15,3,2911.57
2025-06-29 20:46:11,25.5,69.4,70.1,17016.17,3,2941.59
2025-06-29 21:16:12,25.4,70.4,72.9,17046.18,3,2971.6
2025-06-29 21:46:13,25.3,70.8,72.6,17076.2,3,3001.62
2025-06-29 22:16:14,25.2,71.1,72.6,17106.22,3,3031.64
2025-06-29 22:46:15,24.9,72.9,72.4,17136.23,3,3061.65
2025-06-29 23:16:16,24.7,75.7,72.0,17166.25,3,3091.67
2025-06-29 23:46:16,24.5,72.7,72.1,17196.25,3,3121.67
2025-06-30 00:16:17,24.6,69.6,72.4,17226.27,3,3151.69
2025-06-30 00:46:18,24.4,75.1,72.1,17256.28,3,3181.7
2025-06-30 01:16:19,24.1,76.9,71.7,17286.3,3,3211.72
2025-06-30 01:46:19,23.7,77.5,72.0,17316.3,3,3241.72
2025-06-30 02:16:20,23.8,79.2,71.4,17346.32,3,3271.74
2025-06-30 02:46:21,23.6,80.5,72.2,17376.33,3,3301.75
2025-06-30 03:16:22,23.5,80.4,71.4,17406.35,3,3331.77
2025-06-30 03:46:22,23.5,78.8,71.5,17436.35,3,3361.77
2025-06-30 04:16:24,23.4,79.1,71.7,17466.38,3,3391.8
2025-06-30 04:46:24,23.3,81.9,71.0,17496.38,3,3421.8
2025-06-30 05:16:25,23.1,86.5,70.9,17526.4,3,3451.82
2025-06-30 05:46:26,23.1,82.1,70.6,17556.42,3,3481.84
2025-06-30 06:16:27,23.0,81.7,70.5,17586.43,3,3511.85
2025-06-30 06:46:28,23.2,82.5,70.2,17616.45,3,3541.87
2025-06-30 07:16:28,23.2,82.2,70.6,17646.45,3,3571.87
2025-06-30 07:46:29,23.2,83.0,70.0,17676.47,3,3601.89
2025-06-30 08:16:30,23.6,82.2,69.2,17706.48,3,3631.9
2025-06-30 08:46:31,23.9,81.7,69.7,17736.5,3,3661.92
2025-06-30 09:16:32,24.1,76.7,69.6,17766.52,3,3691.94
2025-06-30 09:46:32,24.5,75.9,67.9,17796.52,3,3721.94
2025-06-30 10:16:33,24.7,75.6,68.6,17826.53,3,3751.95
2025-06-30 10:46:34,24.9,73.4,68.5,17856.55,3,3781.97
2025-06-30 11:16:35,25.2,72.1,68.3,17886.57,3,3811.99
2025-06-30 11:46:36,25.5,70.5,69.3,17916.58,3,3842.0
2025-06-30 12:16:36,25.4,70.0,68.7,17946.58,3,3872.0
2025-06-30 12:46:37,25.5,69.5,67.9,17976.6,3,3902.02
2025-06-30 13:16:38,25.6,68.4,68.2,18006.62,3,3932.04
2025-06-30 13:46:39,25.8,69.0,66.8,18036.63,3,3962.05
2025-06-30 14:16:39,26.1,69.5,67.2,18066.63,3,3992.05
2025-06-30 14:46:40,26.0,72.2,67.1,18096.65,3,4022.07
2025-06-30 15:16:41,25.7,74.0,66.8,18126.67,3,4052.09
2025-06-30 15:46:42,25.3,77.1,66.8,18156.68,3,4082.1
2025-06-30 16:16:43,25.0,78.8,68.2,18186.7,3,4112.12
2025-06-30 16:46:43,24.8,79.3,66.6,18216.7,3,4142.12
2025-06-30 17:16:44,24.6,79.9,65.5,18246.72,3,4172.14
2025-06-30 17:46:46,24.4,80.2,52.2,18276.75,3,4202.17
2025-06-30 18:16:47,24.3,81.5,64.8,18306.77,3,4232.19
2025-06-30 18:46:47,24.3,81.7,64.8,18336.77,3,4262.19
2025-06-30 19:16:48,24.3,82.3,64.8,18366.78,3,4292.2
2025-06-30 19:46:49,24.3,82.1,64.7,18396.8,3,4322.22
2025-06-30 20:16:50,24.3,82.4,64.2,18426.82,3,4352.24
2025-06-30 20:46:50,24.3,83.2,64.6,18456.82,3,4382.24
2025-06-30 21:16:51,24.3,82.9,63.7,18486.83,3,4412.25
2025-06-30 21:46:53,24.2,82.5,63.6,18516.87,3,4442.29
2025-06-30 22:16:54,24.2,84.7,63.6,18546.88,3,4472.3
2025-06-30 22:46:55,24.1,85.7,65.5,18576.9,3,4502.32
2025-06-30 23:16:56,24.2,86.1,63.0,18606.92,3,4532.34
2025-06-30 23:46:56,24.1,86.4,62.9,18636.92,3,4562.34
2025-07-01 00:16:57,24.1,87.1,63.0,18666.93,3,4592.35
2025-07-01 00:46:58,23.9,88.3,62.0,18696.95,3,4622.37
2025-07-01 01:16:59,23.9,88.2,62.0,18726.97,3,4652.39
2025-07-01 01:46:59,24.0,87.5,59.9,18756.97,3,4682.39
2025-07-01 02:17:00,23.9,88.5,60.4,18786.98,3,4712.4
2025-07-01 02:47:01,23.8,88.6,60.0,18817.0,3,4742.42
2025-07-01 03:17:02,23.7,89.4,60.5,18847.02,3,4772.44
2025-07-01 03:47:02,23.6,90.4,60.7,18877.02,3,4802.44
2025-07-01 04:17:04,23.5,90.3,59.9,18907.05,3,4832.47
2025-07-01 04:47:04,23.3,89.7,59.9,18937.05,3,4862.47
2025-07-01 05:17:05,23.2,88.8,59.0,18967.07,3,4892.49
2025-07-01 05:47:05,23.2,89.0,60.1,18997.07,3,4922.49
2025-07-01 06:17:06,23.1,87.9,59.6,19027.08,3,4952.5
2025-07-01 06:47:07,23.2,88.6,58.7,19057.1,3,4982.52
2025-07-01 07:17:08,23.1,89.5,59.0,19087.12,3,5012.54
2025-07-01 08:17:19,23.6,88.1,57.1,19147.3,3,5072.72
2025-07-01 08:47:20,23.7,87.0,57.4,19177.32,3,5102.74
2025-07-01 09:17:21,23.7,86.6,56.7,19207.33,3,5132.75
2025-07-01 09:47:22,23.8,86.1,57.7,19237.35,3,5162.77
2025-07-01 10:17:23,24.1,84.3,58.1,19267.37,3,5192.79
2025-07-01 10:47:23,24.1,82.7,58.1,19297.37,3,5222.79
2025-07-01 11:17:24,24.6,81.1,59.0,19327.38,3,5252.8
2025-07-01 11:47:25,24.6,80.4,55.8,19357.4,3,5282.82
2025-07-01 12:17:26,24.7,78.4,57.1,19387.42,3,5312.84
2025-07-01 12:47:28,24.8,77.2,56.3,19417.45,3,5342.87
2025-07-01 13:17:29,25.2,76.4,56.5,19447.47,3,5372.89
2025-07-01 13:47:33,24.7,78.0,55.8,19477.53,3,5402.95
2025-07-01 14:17:34,24.5,77.5,56.3,19507.55,3,5432.97
2025-07-01 14:47:35,24.8,75.4,55.8,19537.57,3,5462.99
2025-07-01 15:17:36,24.1,77.7,56.2,19567.58,3,5493.0
2025-07-01 15:47:40,23.8,78.1,55.8,19597.65,3,5523.07
2025-07-01 16:17:41,23.5,76.7,56.3,19627.67,3,5553.09
2025-07-01 16:47:42,23.5,78.2,56.7,19657.68,3,5583.1
2025-07-01 17:17:42,23.3,80.2,55.1,19687.68,3,5613.1
2025-07-01 17:47:43,23.1,81.5,54.4,19717.7,3,5643.12
2025-07-01 18:17:44,23.1,82.2,54.2,19747.72,3,5673.14
2025-07-01 18:47:45,23.1,81.7,54.1,19777.73,3,5703.15
2025-07-01 19:17:45,23.0,82.7,54.1,19807.73,3,5733.15
2025-07-01 19:47:46,22.8,84.8,52.8,19837.75,3,5763.17
2025-07-01 20:17:47,22.8,85.3,52.3,19867.77,3,5793.19
2025-07-01 20:47:49,22.6,86.5,53.3,19897.8,3,5823.22
2025-07-01 21:17:51,22.0,91.6,54.0,19927.83,3,5853.25
2025-07-01 21:47:51,21.6,91.1,99.6,19957.83,4,0.0
2025-07-01 22:17:52,21.0,94.2,99.3,19987.85,4,30.02
2025-07-01 22:47:53,21.0,93.1,99.6,20017.87,4,60.04
2025-07-01 23:17:54,21.1,90.1,100.0,20047.88,4,90.05
2025-07-01 23:47:54,21.0,89.9,100.0,20077.88,4,120.05
2025-07-02 00:17:55,20.8,90.3,100.0,20107.9,4,150.07
2025-07-02 00:47:56,21.0,90.2,100.0,20137.92,4,180.09
2025-07-02 01:17:56,20.9,90.5,100.0,20167.92,4,210.09
2025-07-02 01:47:57,21.0,90.0,100.0,20197.93,4,240.1
2025-07-02 02:17:58,21.0,89.1,100.0,20227.95,4,270.12
2025-07-02 02:47:59,20.9,89.5,100.0,20257.97,4,300.14
2025-07-02 03:18:00,20.9,89.8,100.0,20287.98,4,330.15
2025-07-02 03:48:00,20.9,90.2,100.0,20317.98,4,360.15
2025-07-02 04:18:01,20.8,90.2,100.0,20348.0,4,390.17
2025-07-02 04:48:02,20.7,91.1,100.0,20378.02,4,420.19
2025-07-02 05:18:03,20.5,92.7,100.0,20408.03,4,450.2
2025-07-02 05:48:04,20.4,92.1,100.0,20438.05,4,480.22
2025-07-02 06:18:04,20.4,91.4,100.0,20468.05,4,510.22
2025-07-02 06:48:05,20.3,91.2,100.0,20498.07,4,540.24
2025-07-02 07:18:06,20.3,92.1,100.0,20528.08,4,570.25
2025-07-02 07:48:07,20.4,91.9,100.0,20558.1,4,600.27
2025-07-02 08:18:07,20.8,91.0,100.0,20588.1,4,630.27
2025-07-02 08:48:09,21.0,90.1,100.0,20618.13,4,660.3
2025-07-02 09:18:09,21.1,88.9,100.0,20648.13,4,690.3
2025-07-02 09:48:10,21.2,88.1,100.0,20678.15,4,720.32
2025-07-02 10:18:11,21.4,87.5,100.0,20708.17,4,750.34
2025-07-02 10:48:11,21.4,86.8,100.0,20738.17,4,780.34
2025-07-02 11:18:16,21.4,88.4,100.0,20768.25,4,810.42
2025-07-02 11:48:17,21.5,88.2,100.0,20798.27,4,840.44
2025-07-02 12:18:18,21.1,90.2,100.0,20828.28,4,870.45
2025-07-02 12:48:18,21.1,90.8,100.0,20858.28,4,900.45
2025-07-02 13:18:19,20.8,91.3,100.0,20888.3,4,930.47
2025-07-02 13:48:20,20.9,91.7,100.0,20918.32,4,960.49
2025-07-02 14:18:21,20.9,90.8,100.0,20948.33,4,990.5
2025-07-02 14:48:22,20.7,90.7,100.0,20978.35,4,1020.52
2025-07-02 15:18:23,20.4,90.7,100.0,21008.37,4,1050.54
2025-07-02 15:48:24,20.5,89.3,100.0,21038.38,4,1080.55
2025-07-02 16:18:25,20.5,89.8,100.0,21068.4,4,1110.57
2025-07-02 16:48:25,20.4,89.7,100.0,21098.4,4,1140.57
2025-07-02 17:18:26,20.2,89.0,100.0,21128.42,4,1170.59
2025-07-02 17:48:27,20.2,88.2,100.0,21158.43,4,1200.6
2025-07-02 18:18:29,19.9,92.1,100.0,21188.47,4,1230.64
2025-07-02 18:48:29,19.8,92.4,100.0,21218.47,4,1260.64
2025-07-02 19:18:29,19.8,92.0,100.0,21248.47,4,1290.64
2025-07-02 19:48:30,19.8,91.4,100.0,21278.48,4,1320.65
2025-07-02 20:18:31,19.9,91.7,100.0,21308.5,4,1350.67
2025-07-02 20:48:32,19.9,91.3,100.0,21338.52,4,1380.69
2025-07-02 21:18:34,19.9,92.0,100.0,21368.55,4,1410.72
2025-07-02 21:48:34,20.0,92.1,100.0,21398.55,4,1440.72
2025-07-02 22:18:35,19.9,92.1,100.0,21428.57,4,1470.74
2025-07-02 22:48:36,19.7,92.4,100.0,21458.58,4,1500.75
2025-07-02 23:18:39,19.6,92.8,100.0,21488.63,4,1530.8
2025-07-02 23:48:38,19.4,92.4,100.0,21518.62,4,1560.79
2025-07-03 00:18:38,19.3,92.6,100.0,21548.62,4,1590.79
2025-07-03 00:48:39,19.4,92.1,100.0,21578.63,4,1620.8
2025-07-03 01:18:40,19.4,91.3,100.0,21608.65,4,1650.82
2025-07-03 01:48:41,19.3,92.2,100.0,21638.67,4,1680.84
2025-07-03 02:18:41,19.2,93.1,100.0,21668.67,4,1710.84
2025-07-03 02:48:42,19.1,91.3,100.0,21698.68,4,1740.85
2025-07-03 03:18:43,19.0,91.8,100.0,21728.7,4,1770.87
2025-07-03 03:48:44,18.9,92.1,100.0,21758.72,4,1800.89
2025-07-03 04:18:44,19.0,90.3,100.0,21788.72,4,1830.89
2025-07-03 04:48:45,19.2,90.7,100.0,21818.73,4,1860.9
2025-07-03 05:18:46,19.2,91.8,100.0,21848.75,4,1890.92
2025-07-03 05:48:47,19.3,92.3,100.0,21878.77,4,1920.94
2025-07-03 06:18:48,19.2,92.8,100.0,21908.78,4,1950.95
2025-07-03 06:48:52,19.3,92.3,100.0,21938.85,4,1981.02
2025-07-03 07:18:53,19.3,92.1,100.0,21968.87,4,2011.04
2025-07-03 07:48:54,19.2,91.6,100.0,21998.88,4,2041.05
2025-07-03 08:18:54,19.4,91.6,100.0,22028.88,4,2071.05
2025-07-03 08:48:56,19.6,90.2,100.0,22058.92,4,2101.09
2025-07-03 09:18:56,19.7,89.2,100.0,22088.92,4,2131.09
2025-07-03 09:48:57,19.8,88.2,100.0,22118.93,4,2161.1
2025-07-03 10:18:58,20.1,87.7,100.0,22148.95,4,2191.12
2025-07-03 10:48:59,20.2,86.9,100.0,22178.97,4,2221.14
2025-07-03 11:18:59,20.1,86.1,100.0,22208.97,4,2251.14
2025-07-03 11:49:00,20.2,86.0,100.0,22238.98,4,2281.15
2025-07-03 12:19:01,20.6,85.0,100.0,22269.0,4,2311.17
2025-07-03 12:49:04,21.0,83.4,100.0,22299.05,4,2341.22
2025-07-03 13:19:05,21.3,81.8,100.0,22329.07,4,2371.24
2025-07-03 13:49:05,21.2,80.7,100.0,22359.07,4,2401.24
2025-07-03 14:19:09,21.0,79.7,100.0,22389.13,4,2431.3
2025-07-03 14:49:09,20.4,82.7,100.0,22419.13,4,2461.3
2025-07-03 15:19:10,20.2,84.1,100.0,22449.15,4,2491.32
2025-07-03 15:49:11,20.1,84.2,100.0,22479.17,4,2521.34
2025-07-03 16:19:12,20.2,84.2,100.0,22509.18,4,2551.35
2025-07-03 16:49:12,20.2,84.2,100.0,22539.18,4,2581.35
2025-07-03 17:19:13,20.2,83.5,100.0,22569.2,4,2611.37
2025-07-03 17:49:14,20.2,83.8,100.0,22599.22,4,2641.39
2025-07-03 18:19:15,20.2,84.0,100.0,22629.23,4,2671.4
2025-07-03 18:49:16,20.1,85.5,100.0,22659.25,4,2701.42
2025-07-03 19:19:16,19.6,87.7,100.0,22689.25,4,2731.42
2025-07-03 19:49:18,19.6,88.4,100.0,22719.28,4,2761.45
2025-07-03 20:49:32,19.6,89.0,100.0,22779.52,4,2821.69
2025-07-03 21:19:32,19.7,88.9,100.0,22809.52,4,2851.69
2025-07-03 21:49:34,19.8,89.8,100.0,22839.55,4,2881.72
2025-07-03 22:19:36,19.8,90.8,100.0,22869.58,4,2911.75
2025-07-03 22:49:37,19.8,90.7,100.0,22899.6,4,2941.77
2025-07-03 23:19:38,19.7,90.2,100.0,22929.62,4,2971.79
2025-07-03 23:49:38,19.7,90.0,100.0,22959.62,4,3001.79
2025-07-04 00:19:39,19.6,90.3,100.0,22989.63,4,3031.8
2025-07-04 00:49:42,19.6,91.3,100.0,23019.68,4,3061.85
2025-07-04 05:53:14,19.2,93.4,100.0,23323.22,4,3365.39
2025-07-04 06:23:14,18.4,92.3,100.0,23353.22,4,3395.39
2025-07-04 06:53:15,18.4,92.9,100.0,23383.23,4,3425.4
2025-07-04 07:23:16,18.3,91.6,100.0,23413.25,4,3455.42
2025-07-04 07:53:17,18.4,89.9,100.0,23443.27,4,3485.44
2025-07-04 08:23:18,18.5,90.5,100.0,23473.28,4,3515.45
2025-07-04 08:53:19,18.5,91.6,100.0,23503.3,4,3545.47
2025-07-04 09:23:20,18.6,91.3,100.0,23533.32,4,3575.49
2025-07-04 09:53:20,19.0,89.4,100.0,23563.32,4,3605.49
2025-07-04 10:23:21,19.1,85.8,100.0,23593.33,4,3635.5
2025-07-04 10:53:22,19.2,83.8,100.0,23623.35,4,3665.52
2025-07-04 11:23:23,19.5,82.1,100.0,23653.37,4,3695.54
2025-07-04 11:53:24,19.9,80.2,100.0,23683.38,4,3725.55
2025-07-04 12:23:35,19.8,78.6,100.0,23713.57,4,3755.74
2025-07-04 12:53:35,20.0,77.7,100.0,23743.57,4,3785.74
2025-07-04 13:23:35,20.3,75.9,100.0,23773.57,4,3815.74
2025-07-04 13:53:36,20.4,75.4,100.0,23803.58,4,3845.75
2025-07-04 14:23:37,20.3,76.1,100.0,23833.6,4,3875.77
2025-07-04 14:53:37,20.3,76.6,100.0,23863.6,4,3905.77
2025-07-04 15:23:38,20.3,77.6,100.0,23893.62,4,3935.79
2025-07-04 15:53:39,20.3,77.7,100.0,23923.63,4,3965.8
2025-07-04 16:23:40,20.2,77.8,100.0,23953.65,4,3995.82
2025-07-04 16:53:41,20.1,77.8,100.0,23983.67,4,4025.84
2025-07-04 17:23:41,19.9,78.9,100.0,24013.67,4,4055.84
2025-07-04 17:53:42,19.7,80.5,100.0,24043.68,4,4085.85
2025-07-04 18:23:43,19.5,81.1,100.0,24073.7,4,4115.87
2025-07-04 18:53:43,19.4,80.9,100.0,24103.7,4,4145.87
2025-07-04 19:23:44,19.4,81.9,100.0,24133.72,4,4175.89
2025-07-04 19:53:45,19.4,81.9,100.0,24163.73,4,4205.9
2025-07-04 20:23:46,19.4,80.1,100.0,24193.75,4,4235.92
2025-07-04 20:53:46,19.3,79.6,100.0,24223.75,4,4265.92
2025-07-04 21:23:47,19.3,80.7,100.0,24253.77,4,4295.94
2025-07-04 21:53:48,19.2,80.9,100.0,24283.78,4,4325.95
2025-07-04 22:23:49,19.0,81.6,100.0,24313.8,4,4355.97
2025-07-04 22:53:50,19.0,81.9,100.0,24343.82,4,4385.99
2025-07-04 23:23:50,18.9,82.6,100.0,24373.82,4,4415.99
2025-07-04 23:53:51,18.8,84.1,100.0,24403.83,4,4446.0
2025-07-05 00:23:52,18.7,86.7,100.0,24433.85,4,4476.02
2025-07-05 00:53:53,18.5,88.3,100.0,24463.87,4,4506.04
2025-07-05 01:23:54,18.5,89.3,100.0,24493.88,4,4536.05
2025-07-05 01:53:54,18.6,88.1,100.0,24523.88,4,4566.05
2025-07-05 02:23:59,18.5,87.3,100.0,24553.97,4,4596.14
2025-07-05 02:53:56,18.5,87.8,100.0,24583.92,4,4626.09
2025-07-05 03:23:57,18.5,89.9,100.0,24613.93,4,4656.1
2025-07-05 03:53:58,18.4,90.1,100.0,24643.95,4,4686.12
2025-07-05 04:23:59,18.3,90.7,100.0,24673.97,4,4716.14
2025-07-05 04:53:59,18.3,90.8,100.0,24703.97,4,4746.14
2025-07-05 05:24:00,18.3,90.4,100.0,24733.98,4,4776.15
2025-07-05 05:54:01,18.3,89.3,100.0,24764.0,4,4806.17
2025-07-05 06:24:01,18.2,89.2,100.0,24794.0,4,4836.17
2025-07-05 06:54:02,18.1,89.5,100.0,24824.02,4,4866.19
2025-07-05 07:24:05,17.7,90.0,100.0,24854.07,4,4896.24
2025-07-05 07:54:06,17.7,89.6,100.0,24884.08,4,4926.25
2025-07-05 08:24:07,17.9,88.9,100.0,24914.1,4,4956.27
2025-07-05 08:54:08,18.2,87.0,100.0,24944.12,4,4986.29
2025-07-05 09:24:09,18.4,86.4,100.0,24974.13,4,5016.3
2025-07-05 09:54:09,18.6,85.1,100.0,25004.13,4,5046.3
2025-07-05 10:24:10,19.0,83.7,100.0,25034.15,4,5076.32
2025-07-05 10:54:11,19.4,82.2,100.0,25064.17,4,5106.34
2025-07-05 11:24:12,19.7,79.4,100.0,25094.18,4,5136.35
2025-07-05 11:54:13,20.0,78.3,100.0,25124.2,4,5166.37
2025-07-05 12:24:14,20.3,77.4,100.0,25154.22,4,5196.39
2025-07-05 12:54:14,20.6,73.8,100.0,25184.22,4,5226.39
2025-07-05 13:20:44,20.9,65.4,100.0,25210.72,4,5252.89
2025-07-05 13:23:01,20.9,65.3,100.0,25213.0,4,5255.17
2025-07-05 13:53:02,20.9,65.3,100.0,25243.02,4,5285.19
2025-07-05 14:23:03,21.2,65.8,100.0,25273.03,4,5315.2
2025-07-05 14:53:04,21.4,67.6,100.0,25303.05,4,5345.22
2025-07-05 15:23:04,21.5,70.5,100.0,25333.05,4,5375.22
2025-07-05 15:53:05,21.4,73.7,100.0,25363.07,4,5405.24
2025-07-05 16:23:07,21.3,75.8,100.0,25393.1,4,5435.27
2025-07-05 16:53:08,21.0,77.2,100.0,25423.12,4,5465.29
2025-07-05 17:23:09,20.8,77.8,100.0,25453.13,4,5495.3
2025-07-05 17:53:11,20.6,78.9,100.0,25483.17,4,5525.34
2025-07-05 18:23:16,20.4,79.5,100.0,25513.25,4,5555.42
2025-07-05 18:53:17,20.2,80.6,100.0,25543.27,4,5585.44
2025-07-05 19:23:18,20.0,80.7,100.0,25573.28,4,5615.45
2025-07-05 19:53:23,20.0,81.4,100.0,25603.37,4,5645.54
2025-07-05 20:23:20,20.0,81.6,100.0,25633.32,4,5675.49
2025-07-05 20:53:21,19.9,82.1,100.0,25663.33,4,5705.5
2025-07-05 21:23:22,20.0,82.4,100.0,25693.35,4,5735.52
2025-07-05 21:53:24,20.0,83.2,100.0,25723.38,4,5765.55
2025-07-05 22:23:24,19.9,83.6,95.9,25753.38,4,5795.55
2025-07-05 22:53:25,19.9,82.6,96.1,25783.4,4,5825.57
2025-07-05 23:23:28,19.6,84.8,95.9,25813.45,4,5855.62
2025-07-05 23:53:29,19.6,84.1,96.0,25843.47,4,5885.64
2025-07-06 00:23:29,19.5,82.8,95.5,25873.47,4,5915.64
2025-07-06 00:53:30,19.5,83.7,97.0,25903.48,4,5945.65
2025-07-06 01:23:31,19.3,84.9,95.9,25933.5,4,5975.67
2025-07-06 01:53:32,19.2,86.1,95.8,25963.52,4,6005.69
2025-07-06 02:23:32,18.9,88.3,95.8,25993.52,4,6035.69
2025-07-06 02:53:33,18.8,88.6,96.3,26023.53,4,6065.7
2025-07-06 03:23:34,18.7,91.3,95.8,26053.55,4,6095.72
2025-07-06 03:53:35,18.6,91.0,96.2,26083.57,4,6125.74
2025-07-06 04:23:36,18.5,91.2,96.5,26113.58,4,6155.75
2025-07-06 04:53:37,18.3,91.4,95.8,26143.6,4,6185.77
2025-07-06 05:23:38,18.3,90.5,95.7,26173.62,4,6215.79
2025-07-06 05:53:39,18.1,89.4,95.9,26203.63,4,6245.8
2025-07-06 06:23:39,18.0,90.3,96.0,26233.63,4,6275.8
2025-07-06 06:53:40,18.0,90.3,95.6,26263.65,4,6305.82
2025-07-06 07:23:41,17.8,91.5,95.7,26293.67,4,6335.84
2025-07-06 07:53:44,17.9,91.2,95.8,26323.72,4,6365.89
2025-07-06 08:23:45,18.2,90.0,95.8,26353.73,4,6395.9
2025-07-06 08:53:45,18.6,89.2,95.4,26383.73,4,6425.9
2025-07-06 09:23:46,19.1,88.4,95.8,26413.75,4,6455.92
2025-07-06 09:53:46,19.5,86.5,95.9,26443.75,4,6485.92
2025-07-06 10:23:47,20.0,85.2,95.5,26473.77,4,6515.94
2025-07-06 10:53:50,20.4,85.4,95.8,26503.82,4,6545.99
2025-07-06 11:23:59,20.7,84.7,95.4,26533.97,4,6576.14
2025-07-06 11:54:00,20.9,82.9,95.2,26563.98,4,6606.15
2025-07-06 12:24:01,21.1,79.7,94.9,26594.0,4,6636.17
2025-07-06 12:54:02,21.4,75.1,94.4,26624.02,4,6666.19
2025-07-06 13:24:06,21.8,71.8,94.2,26654.08,4,6696.25
2025-07-06 13:54:06,22.0,68.3,94.0,26684.08,4,6726.25
2025-07-06 14:24:07,22.1,66.3,94.1,26714.1,4,6756.27
2025-07-06 14:54:08,22.0,67.1,93.5,26744.12,4,6786.29
2025-07-06 15:24:09,22.0,69.8,93.8,26774.13,4,6816.3
2025-07-06 15:54:11,21.9,66.9,92.1,26804.17,4,6846.34
2025-07-06 16:24:11,21.8,70.2,93.3,26834.17,4,6876.34
2025-07-06 16:54:12,21.6,73.2,93.1,26864.18,4,6906.35
2025-07-06 17:24:13,21.5,74.2,93.0,26894.2,4,6936.37
2025-07-06 17:54:16,21.3,74.5,93.0,26924.25,4,6966.42
2025-07-06 18:24:17,21.1,76.8,93.0,26954.27,4,6996.44
2025-07-06 18:54:17,21.0,76.5,93.2,26984.27,4,7026.44
2025-07-06 19:24:18,20.7,77.4,91.9,27014.28,4,7056.45
2025-07-06 19:54:19,20.7,77.7,91.9,27044.3,4,7086.47
2025-07-06 20:24:20,20.7,79.7,92.1,27074.32,4,7116.49
2025-07-06 20:54:20,20.6,80.4,92.1,27104.32,4,7146.49
2025-07-06 21:24:21,20.6,79.9,92.1,27134.33,4,7176.5
2025-07-06 21:54:22,20.5,79.3,92.1,27164.35,4,7206.52
2025-07-06 22:24:23,20.4,80.0,92.1,27194.37,4,7236.54
2025-07-06 22:54:24,20.3,81.1,91.8,27224.38,4,7266.55
2025-07-06 23:24:25,20.1,84.8,91.9,27254.4,4,7296.57
2025-07-06 23:54:26,19.8,86.3,92.0,27284.42,4,7326.59
2025-07-07 00:24:26,19.7,87.9,93.3,27314.42,4,7356.59
2025-07-07 00:54:27,19.6,88.2,92.2,27344.43,4,7386.6
2025-07-07 01:24:28,19.4,88.9,93.0,27374.45,4,7416.62
2025-07-07 01:54:29,19.4,89.2,92.1,27404.47,4,7446.64
2025-07-07 02:24:30,19.4,89.2,93.0,27434.48,4,7476.65
2025-07-07 02:54:30,19.3,89.3,92.5,27464.48,4,7506.65
2025-07-07 03:24:31,19.2,89.7,91.9,27494.5,4,7536.67
2025-07-07 03:54:32,19.0,89.7,92.1,27524.52,4,7566.69
2025-07-07 04:24:33,19.0,88.2,91.8,27554.53,4,7596.7
2025-07-07 04:54:34,18.8,88.3,91.3,27584.55,4,7626.72
2025-07-07 05:24:34,18.5,90.2,90.9,27614.55,4,7656.72
2025-07-07 05:54:35,18.5,91.7,91.2,27644.57,4,7686.74
2025-07-07 06:24:36,18.5,90.8,90.8,27674.58,4,7716.75
2025-07-07 06:54:37,18.6,89.6,90.6,27704.6,4,7746.77
2025-07-07 07:24:38,18.6,89.6,91.3,27734.62,4,7776.79
2025-07-07 07:54:38,18.9,88.1,91.1,27764.62,4,7806.79
2025-07-07 08:24:39,19.1,87.9,90.2,27794.63,4,7836.8
2025-07-07 08:54:40,19.4,87.0,90.4,27824.65,4,7866.82
2025-07-07 09:24:42,19.6,85.9,91.4,27854.68,4,7896.85
2025-07-07 09:54:43,19.6,85.9,89.6,27884.7,4,7926.87
2025-07-07 10:24:44,20.0,85.6,89.7,27914.72,4,7956.89
2025-07-07 10:54:45,19.8,85.7,89.6,27944.73,4,7986.9
2025-07-07 11:24:45,20.4,83.8,89.1,27974.73,4,8016.9
2025-07-07 11:54:46,20.6,81.4,91.3,28004.75,4,8046.92
2025-07-07 12:24:47,20.9,79.8,87.8,28034.77,4,8076.94
2025-07-07 12:54:48,21.0,78.8,87.5,28064.78,4,8106.95
2025-07-07 13:24:48,21.4,74.6,86.8,28094.78,4,8136.95
2025-07-07 13:54:49,21.4,72.4,86.1,28124.8,4,8166.97
2025-07-07 14:24:50,21.7,71.9,86.1,28154.82,4,8196.99
2025-07-07 14:54:51,21.8,71.0,84.3,28184.83,4,8227.0
2025-07-07 15:24:56,22.1,68.7,84.4,28214.92,4,8257.09
2025-07-07 15:54:55,22.0,71.3,83.9,28244.9,4,8287.07
2025-07-07 16:25:00,21.8,72.4,84.0,28274.98,4,8317.15
2025-07-07 16:55:03,21.6,73.1,83.5,28305.03,4,8347.2
2025-07-07 17:25:04,21.3,76.7,83.2,28335.05,4,8377.22
2025-07-07 17:55:06,21.0,80.5,83.2,28365.08,4,8407.25
2025-07-07 18:25:06,20.7,81.8,82.9,28395.08,4,8437.25
2025-07-07 18:55:08,20.5,80.9,82.7,28425.12,4,8467.29
2025-07-07 19:25:10,20.4,79.2,83.1,28455.15,4,8497.32
2025-07-07 19:55:11,20.2,78.3,82.6,28485.17,4,8527.34
2025-07-07 20:25:12,20.2,78.6,82.2,28515.18,4,8557.35
2025-07-07 20:55:13,20.0,79.7,93.0,28545.2,4,8587.37
2025-07-07 21:25:16,20.0,81.0,82.7,28575.25,4,8617.42
2025-07-07 21:55:20,19.9,83.3,82.2,28605.32,4,8647.49
2025-07-07 22:25:22,19.9,84.3,83.2,28635.35,4,8677.52
2025-07-07 22:55:23,19.8,84.6,82.4,28665.37,4,8707.54
2025-07-07 23:25:25,19.7,85.0,82.4,28695.4,4,8737.57
2025-07-07 23:55:26,19.6,85.1,82.2,28725.42,4,8767.59
2025-07-08 00:25:27,19.5,84.7,82.4,28755.43,4,8797.6
2025-07-08 00:55:28,19.5,85.8,82.4,28785.45,4,8827.62
2025-07-08 01:25:28,19.3,86.5,81.8,28815.45,4,8857.62
2025-07-08 01:55:29,19.2,87.4,82.6,28845.47,4,8887.64
2025-07-08 02:25:30,18.9,88.5,82.5,28875.48,4,8917.65
2025-07-08 02:55:31,18.7,89.7,81.9,28905.5,4,8947.67
2025-07-08 03:25:31,18.6,91.0,82.0,28935.5,4,8977.67
2025-07-08 03:55:32,18.6,91.3,82.1,28965.52,4,9007.69
2025-07-08 04:25:33,18.3,91.7,82.0,28995.53,4,9037.7
2025-07-08 04:55:34,18.2,92.3,82.3,29025.55,4,9067.72
2025-07-08 05:25:35,18.2,91.8,81.8,29055.57,4,9097.74
2025-07-08 05:55:35,18.1,91.4,81.9,29085.57,4,9127.74
2025-07-08 06:25:37,18.1,90.7,82.0,29115.6,4,9157.77
2025-07-08 06:55:37,17.9,90.9,81.9,29145.6,4,9187.77
2025-07-08 07:25:38,17.9,90.9,81.7,29175.62,4,9217.79
2025-07-08 07:55:39,17.8,91.5,82.1,29205.63,4,9247.8
2025-07-08 08:25:40,18.4,90.5,81.7,29235.65,4,9277.82
2025-07-08 08:55:41,18.8,89.6,81.1,29265.67,4,9307.84
2025-07-08 09:25:41,19.2,89.8,80.8,29295.67,4,9337.84
2025-07-08 09:55:42,19.3,88.3,91.4,29325.68,4,9367.85
2025-07-08 10:25:43,19.7,88.4,86.0,29355.7,4,9397.87
2025-07-08 10:55:43,20.6,84.6,85.1,29385.7,4,9427.87
2025-07-08 11:25:44,21.1,82.6,86.7,29415.72,4,9457.89
2025-07-08 11:55:48,20.5,84.6,95.8,29445.78,4,9487.95
2025-07-08 12:25:49,20.8,82.7,100.0,29475.8,4,9517.97
2025-07-08 12:55:50,21.3,75.9,99.1,29505.82,4,9547.99
2025-07-08 13:25:51,21.5,71.2,100.0,29535.83,4,9578.0
2025-07-08 13:55:52,21.3,73.0,100.0,29565.85,4,9608.02
2025-07-08 14:25:52,21.4,76.5,100.0,29595.85,4,9638.02
2025-07-08 14:55:54,21.7,67.4,100.0,29625.88,4,9668.05
2025-07-08 15:25:57,21.6,66.5,100.0,29655.93,4,9698.1
2025-07-08 15:55:58,21.6,67.4,100.0,29685.95,4,9728.12
2025-07-08 16:25:59,22.1,54.7,100.0,29715.97,4,9758.14
2025-07-08 16:56:00,22.3,61.2,100.0,29745.98,4,9788.15
2025-07-08 17:26:00,21.6,71.5,100.0,29775.98,4,9818.15
2025-07-08 17:56:01,21.1,77.0,100.0,29806.0,4,9848.17
2025-07-08 18:26:02,20.9,78.0,100.0,29836.02,4,9878.19
2025-07-08 18:56:04,21.0,81.8,100.0,29866.05,4,9908.22
2025-07-08 19:26:05,20.8,82.6,100.0,29896.07,4,9938.24
2025-07-08 19:56:06,20.8,84.4,100.0,29926.08,4,9968.25
2025-07-08 20:26:06,20.9,82.2,100.0,29956.08,4,9998.25
2025-07-08 20:56:07,20.7,84.9,100.0,29986.1,4,10028.27
2025-07-08 21:26:08,20.6,85.5,100.0,30016.12,4,10058.29
2025-07-08 21:56:09,20.5,83.7,100.0,30046.13,4,10088.3
2025-07-08 22:26:13,20.3,87.3,100.0,30076.2,4,10118.37
2025-07-08 22:56:19,20.1,89.0,100.0,30106.3,4,10148.47
2025-07-08 23:26:21,20.0,88.4,100.0,30136.33,4,10178.5
2025-07-08 23:56:22,19.9,89.2,100.0,30166.35,4,10208.52
2025-07-09 00:26:23,19.9,89.8,100.0,30196.37,4,10238.54
2025-07-09 00:56:23,19.7,89.7,100.0,30226.37,4,10268.54
2025-07-09 01:26:25,19.6,89.9,100.0,30256.4,4,10298.57
2025-07-09 01:56:26,19.5,89.8,100.0,30286.42,4,10328.59
2025-07-09 02:26:27,19.4,90.3,100.0,30316.43,4,10358.6
2025-07-09 02:56:28,19.4,90.6,100.0,30346.45,4,10388.62
2025-07-09 03:26:28,19.2,92.2,100.0,30376.45,4,10418.62
2025-07-09 03:56:29,19.2,91.9,100.0,30406.47,4,10448.64
2025-07-09 04:26:31,19.3,91.5,100.0,30436.5,4,10478.67
2025-07-09 04:56:31,19.3,91.8,100.0,30466.5,4,10508.67
2025-07-09 05:26:32,19.3,92.3,100.0,30496.52,4,10538.69
2025-07-09 05:56:33,19.3,92.4,100.0,30526.53,4,10568.7
2025-07-09 06:26:34,19.3,92.0,100.0,30556.55,4,10598.72
2025-07-09 06:56:34,19.4,92.3,100.0,30586.55,4,10628.72
2025-07-09 07:26:35,19.4,92.9,100.0,30616.57,4,10658.74
2025-07-09 07:56:36,19.5,92.6,100.0,30646.58,4,10688.75
2025-07-09 08:26:37,19.7,90.4,100.0,30676.6,4,10718.77
2025-07-09 08:56:38,19.9,89.4,100.0,30706.62,4,10748.79
2025-07-09 09:26:38,20.5,86.6,100.0,30736.62,4,10778.79
2025-07-09 09:56:39,21.0,86.1,100.0,30766.63,4,10808.8
2025-07-09 10:26:40,20.9,80.4,100.0,30796.65,4,10838.82
2025-07-09 10:56:41,21.3,79.3,100.0,30826.67,4,10868.84
2025-07-09 11:26:41,21.7,76.7,100.0,30856.67,4,10898.84
2025-07-09 11:56:42,21.9,74.3,100.0,30886.68,4,10928.85
2025-07-09 12:35:31,21.9,74.2,100.0,30925.5,4,10967.67
2025-07-09 13:05:31,22.0,74.0,99.1,30955.5,4,10997.67
2025-07-09 13:35:32,22.2,71.6,99.5,30985.52,4,11027.69
2025-07-09 14:05:33,22.3,70.6,98.8,31015.53,4,11057.7
2025-07-09 14:35:34,22.4,70.6,98.7,31045.55,4,11087.72
2025-07-09 15:05:35,22.5,70.9,97.8,31075.57,4,11117.74
2025-07-09 15:35:35,22.4,70.1,98.2,31105.57,4,11147.74
2025-07-09 16:05:36,22.2,70.3,98.4,31135.58,4,11177.75
2025-07-09 16:35:37,22.1,70.0,97.2,31165.6,4,11207.77
2025-07-09 17:05:38,22.0,70.1,97.6,31195.62,4,11237.79
2025-07-09 17:35:39,21.8,71.0,95.7,31225.63,4,11267.8
2025-07-09 18:05:40,21.5,74.6,95.5,31255.65,4,11297.82
2025-07-09 18:35:41,21.3,77.1,95.3,31285.67,4,11327.84
2025-07-09 19:05:42,21.3,77.5,94.3,31315.68,4,11357.85
2025-07-09 19:35:42,21.3,79.2,94.0,31345.68,4,11387.85
2025-07-09 20:05:57,21.3,80.5,93.9,31375.93,4,11418.1
2025-07-09 20:35:44,21.1,79.6,93.5,31405.72,4,11447.89
2025-07-09 21:05:45,21.1,78.9,93.3,31435.73,4,11477.9
2025-07-09 21:35:45,21.0,80.1,93.0,31465.73,4,11507.9
2025-07-09 22:05:46,20.9,82.4,93.0,31495.75,4,11537.92
2025-07-09 22:35:48,20.9,83.1,93.6,31525.78,4,11567.95
2025-07-09 23:05:49,20.9,83.2,93.9,31555.8,4,11597.97
2025-07-09 23:35:50,20.9,83.3,93.9,31585.82,4,11627.99
2025-07-10 00:05:50,20.8,83.1,93.9,31615.82,4,11657.99
2025-07-10 00:35:51,20.6,83.4,95.0,31645.83,4,11688.0
2025-07-10 01:05:52,20.4,84.7,94.9,31675.85,4,11718.02
2025-07-10 01:35:53,20.3,85.2,100.0,31705.87,4,11748.04
2025-07-10 02:05:53,20.2,86.6,100.0,31735.87,4,11778.04
2025-07-10 02:35:54,20.1,86.1,100.0,31765.88,4,11808.05
2025-07-10 03:05:55,20.1,86.6,93.7,31795.9,4,11838.07
2025-07-10 03:35:56,20.1,86.0,93.9,31825.92,4,11868.09
2025-07-10 04:05:57,20.1,85.7,93.9,31855.93,4,11898.1
2025-07-10 04:35:57,20.0,86.8,92.4,31885.93,4,11928.1
2025-07-10 05:05:58,19.9,86.5,93.2,31915.95,4,11958.12
2025-07-10 05:35:59,19.8,87.0,93.5,31945.97,4,11988.14
2025-07-10 06:06:00,19.9,88.5,93.0,31975.98,4,12018.15
2025-07-10 06:36:00,19.9,89.0,92.5,32005.98,4,12048.15
2025-07-10 07:06:01,19.8,88.5,93.0,32036.0,4,12078.17
2025-07-10 07:36:03,19.9,88.8,91.9,32066.03,4,12108.2
2025-07-10 08:06:03,20.0,89.3,92.4,32096.03,4,12138.2
2025-07-10 08:36:04,20.1,88.4,92.3,32126.05,4,12168.22
2025-07-10 09:06:04,20.4,87.3,91.9,32156.05,4,12198.22
2025-07-10 09:36:05,20.6,86.7,91.6,32186.07,4,12228.24
2025-07-10 10:06:09,21.1,84.9,90.6,32216.13,4,12258.3
2025-07-10 10:36:09,21.5,83.6,90.8,32246.13,4,12288.3
2025-07-10 11:06:11,21.4,82.8,90.0,32276.17,4,12318.34
2025-07-10 11:36:11,21.7,81.9,89.7,32306.17,4,12348.34
2025-07-10 12:06:13,22.2,77.9,89.8,32336.2,4,12378.37
2025-07-10 12:36:13,22.1,78.5,89.0,32366.2,4,12408.37
2025-07-10 13:06:14,22.0,76.3,88.9,32396.22,4,12438.39
2025-07-10 13:36:15,22.0,75.7,87.0,32426.23,4,12468.4
2025-07-10 14:06:16,22.3,77.7,87.5,32456.25,4,12498.42
2025-07-10 14:36:17,22.5,74.4,86.6,32486.27,4,12528.44
2025-07-10 15:06:17,22.6,74.0,85.4,32516.27,4,12558.44
2025-07-10 15:36:18,22.9,72.6,85.6,32546.28,4,12588.45
2025-07-10 16:06:19,22.6,72.9,85.5,32576.3,4,12618.47
2025-07-10 16:36:20,22.5,73.6,85.5,32606.32,4,12648.49
2025-07-10 17:06:21,22.4,74.9,84.7,32636.33,4,12678.5
2025-07-10 17:36:22,22.3,72.1,84.3,32666.35,4,12708.52
2025-07-10 18:06:22,22.0,72.4,84.9,32696.35,4,12738.52
2025-07-10 18:36:23,21.9,72.9,84.2,32726.37,4,12768.54
2025-07-10 19:06:24,21.8,75.7,84.4,32756.38,4,12798.55
2025-07-10 19:36:25,21.6,78.0,85.0,32786.4,4,12828.57
2025-07-10 20:06:26,21.5,78.7,83.8,32816.42,4,12858.59
2025-07-10 20:36:27,21.4,79.2,83.9,32846.43,4,12888.6
